{"entities":{"pages":{"KoinModule":{"id":"KoinModule","title":"KoinModule","url":"koinmodule.html","level":0,"pages":["koinModules01","koinModules02","koinModules03","koinModules04","koinModules05","koinModules06","koinModules07","koinModules08","koinModules09","koinModules10","koinModules11","c3Modules","coilModule","composableComponentsModule","debugToolsModules"],"tabIndex":0},"koinModules01":{"id":"koinModules01","title":"koinModules01","url":"koinmodules01.html","level":1,"parentId":"KoinModule","tabIndex":0},"koinModules02":{"id":"koinModules02","title":"koinModules02","url":"koinmodules02.html","level":1,"parentId":"KoinModule","tabIndex":1},"koinModules03":{"id":"koinModules03","title":"koinModules03","url":"koinmodules03.html","level":1,"parentId":"KoinModule","tabIndex":2},"koinModules04":{"id":"koinModules04","title":"koinModules04","url":"koinmodules04.html","level":1,"parentId":"KoinModule","tabIndex":3},"koinModules05":{"id":"koinModules05","title":"koinModules05","url":"koinmodules05.html","level":1,"parentId":"KoinModule","tabIndex":4},"koinModules06":{"id":"koinModules06","title":"koinModules06","url":"koinmodules06.html","level":1,"parentId":"KoinModule","tabIndex":5},"koinModules07":{"id":"koinModules07","title":"koinModules07","url":"koinmodules07.html","level":1,"parentId":"KoinModule","tabIndex":6},"koinModules08":{"id":"koinModules08","title":"koinModules08","url":"koinmodules08.html","level":1,"parentId":"KoinModule","tabIndex":7},"koinModules09":{"id":"koinModules09","title":"koinModules09","url":"koinmodules09.html","level":1,"parentId":"KoinModule","tabIndex":8},"koinModules10":{"id":"koinModules10","title":"koinModules10","url":"koinmodules10.html","level":1,"parentId":"KoinModule","tabIndex":9},"koinModules11":{"id":"koinModules11","title":"koinModules11","url":"koinmodules11.html","level":1,"parentId":"KoinModule","tabIndex":10},"c3Modules":{"id":"c3Modules","title":"c3Modules","url":"c3modules.html","level":1,"parentId":"KoinModule","tabIndex":11},"coilModule":{"id":"coilModule","title":"coilModule","url":"coilmodule.html","level":1,"parentId":"KoinModule","tabIndex":12},"composableComponentsModule":{"id":"composableComponentsModule","title":"composableComponentsModule","url":"composablecomponentsmodule.html","level":1,"parentId":"KoinModule","tabIndex":13},"debugToolsModules":{"id":"debugToolsModules","title":"debugToolsModules","url":"debugtoolsmodules.html","level":1,"parentId":"KoinModule","tabIndex":14},"application":{"id":"application","title":"application","url":"application.html","level":0,"tabIndex":1},"All-Change-File":{"id":"All-Change-File","title":"All_Change_File","url":"all-change-file.html","level":0,"tabIndex":2},"China-Doc":{"id":"China-Doc","title":"China-App-Doc","url":"china-doc.html","level":0,"pages":["GlobalConfig","FeatureFlag","ParingFlow"],"tabIndex":3},"GlobalConfig":{"id":"GlobalConfig","title":"GlobalConfig","url":"globalconfig.html","level":1,"parentId":"China-Doc","tabIndex":0},"FeatureFlag":{"id":"FeatureFlag","title":"FeatureFlag","url":"featureflag.html","level":1,"parentId":"China-Doc","tabIndex":1},"ParingFlow":{"id":"ParingFlow","title":"PairingFlow","url":"paringflow.html","level":1,"parentId":"China-Doc","pages":["TspParingFlow"],"tabIndex":2},"TspParingFlow":{"id":"TspParingFlow","title":"TspParingFlow","url":"tspparingflow.html","level":2,"parentId":"ParingFlow","tabIndex":0}}},"topLevelIds":["KoinModule","application","All-Change-File","China-Doc"]}