{"entities":{"pages":{"Default-topic":{"id":"Default-topic","title":"This is the first topic","url":"default-topic.html","level":0,"tabIndex":0},"China-Doc":{"id":"China-Doc","title":"China-App-Doc","url":"china-doc.html","level":0,"pages":["SignIn","VehicleRelationShip"],"tabIndex":1},"SignIn":{"id":"SignIn","title":"SignIn","url":"signin.html","level":1,"parentId":"China-Doc","pages":["SignInFlow","PostSignInFlow"],"tabIndex":0},"SignInFlow":{"id":"SignInFlow","title":"SignInFlow","url":"signinflow.html","level":2,"parentId":"SignIn","tabIndex":0},"PostSignInFlow":{"id":"PostSignInFlow","title":"PostSignInFlow","url":"postsigninflow.html","level":2,"parentId":"SignIn","tabIndex":1},"VehicleRelationShip":{"id":"VehicleRelationShip","title":"VehicleRelationShip","url":"vehiclerelationship.html","level":1,"parentId":"China-Doc","pages":["GlobalVehicleRelationShip","NewbieVehicleRelationShip"],"tabIndex":1},"GlobalVehicleRelationShip":{"id":"GlobalVehicleRelationShip","title":"GlobalVehicleRelationShip","url":"globalvehiclerelationship.html","level":2,"parentId":"VehicleRelationShip","tabIndex":0},"NewbieVehicleRelationShip":{"id":"NewbieVehicleRelationShip","title":"NewbieVehicleRelationShip","url":"newbievehiclerelationship.html","level":2,"parentId":"VehicleRelationShip","tabIndex":1}}},"topLevelIds":["Default-topic","China-Doc"]}